Workbook
Name EXCHANGE_RATE: '고객 입력'!$B$3

Sheet 고객 입력
A1: GCP 견적 입력 시트
A2: ▶ 기본 설정
A3: 기준 환율 (USD → KRW) | B3: 1350
A4: 기준 리전 | B4: asia-northeast3
A5: 견적 기준일 | B5: 2026-04-06
A6: ▶ 서버 및 스토리지
A7: 서버 규모 (소형/중형/대형/초대형) | B7: 중형
A8: 서버 대수 | B8: 2
A9: 사용 OS | B9: 무료 리눅스
A10: 하루 운영 시간 | B10: 24h
A11: 데이터 저장 용량 (GB) | B11: 500
A12: ▶ 데이터베이스 및 네트워크
A13: DB 규모 (소형/중형/대형) | B13: 중형
A14: DB 고가용성(HA) 필요 여부 | B14: 예
A15: DB 라이선스 | B15: 무료 PostgreSQL
A16: 외부 인터넷 전송량 (GB/월) | B16: 100
A17: 백업 필요 여부 (스냅샷) | B17: 예
A18: 동시 접속자 수 (참고용) | B18: 1000

Sheet Compute Engine 세부 견적
A1: 항목 | B1: 값 / 수식
A2: 서버 규모 | B2: ='고객 입력'!B7
A3: 인스턴스 스펙 | B3: =VLOOKUP(B2, 단가표!$A$3:$D$6, 2, FALSE)
A4: 서버 대수 | B4: ='고객 입력'!B8
A5: OS 선택 | B5: ='고객 입력'!B9
A6: 월 운영시간 (H) | B6: =IF('고객 입력'!B10="8h", 240, IF('고객 입력'!B10="12h", 360, 730))
A7: 시간당 Linux 단가($) | B7: =VLOOKUP(B2, 단가표!$A$3:$D$6, 3, FALSE)
A8: 시간당 OS 추가단가($) | B8: =IF(B4="Windows", VLOOKUP(B2, 단가표!$A$3:$D$6, 4, FALSE), 0)
A9: 월 합계 (USD) | B9: =(B7+B8)*B6*B4

Sheet Cloud Storage 세부 견적
A1: 항목 | B1: 값 / 수식
A2: 저장 용량 (GB) | B2: ='고객 입력'!B11
A3: 백업 여부 | B3: ='고객 입력'!B17
A4: Standard 단가 ($/GB) | B4: =VLOOKUP("Storage Standard", 단가표!$A$16:$B$18, 2, FALSE)
A5: Snapshot 단가 ($/GB) | B5: =VLOOKUP("Storage Snapshot", 단가표!$A$16:$B$18, 2, FALSE)
A6: 월 합계 (USD) | B6: =B2*B4 + IF(B3="예", B2*B5, 0)

Sheet Cloud SQL 세부 견적
A1: 항목 | B1: 값 / 수식
A2: DB 규모 | B2: ='고객 입력'!B13
A3: 인스턴스 스펙 | B3: =VLOOKUP(B2, 단가표!$A$10:$D$12, 2, FALSE)
A4: 월 운영시간 (H) | B4: =730
A5: HA (고가용성) 여부 | B5: ='고객 입력'!B14
A6: DB 라이선스 | B6: ='고객 입력'!B15
A7: 시간당 Base 단가 ($) | B7: =VLOOKUP(B2, 단가표!$A$10:$D$12, 3, FALSE)
A8: 시간당 License 단가 ($) | B8: =IF(B6="MS SQL", VLOOKUP(B2, 단가표!$A$10:$D$12, 4, FALSE), 0)
A9: 월 합계 (USD) | B9: =(B7+B8)*B4*IF(B5="예", 2, 1)

Sheet Networking 세부 견적
A1: 항목 | B1: 값 / 수식
A2: 외부 전송량 (GB/월) | B2: ='고객 입력'!B16
A3: GB당 Egress 단가 ($) | B3: =VLOOKUP("Network Egress", 단가표!$A$16:$B$18, 2, FALSE)
A4: 월 합계 (USD) | B4: =B2*B3

Sheet 최종 견적 요약
A1: Google Cloud Platform 공식 견적서
A2: 견적 기준일 | B2: ='고객 입력'!B5 | D2: 적용 환율 (KRW/USD) | E2: =EXCHANGE_RATE | F2: 원
A3: 선택 리전 | B3: ='고객 입력'!B4
A5: 서비스명 (GCP) | B5: 스펙 / 상세 | C5: 수량 | D5: 시간당 단가 (USD) | E5: 월 비용 (USD) | F5: 월 비용 (KRW)
A6: Compute Engine | B6: ='Compute Engine 세부 견적'!B3 | C6: ='Compute Engine 세부 견적'!B4 | D6: ='Compute Engine 세부 견적'!B7 | E6: ='Compute Engine 세부 견적'!B9 | F6: =E6*EXCHANGE_RATE
A7: Cloud Storage | B7: Standard + Snapshot | C7: 1 식 | D7: - | E7: ='Cloud Storage 세부 견적'!B6 | F7: =E7*EXCHANGE_RATE
A8: Cloud SQL | B8: ='Cloud SQL 세부 견적'!B3 | C8: 1 식 | D8: ='Cloud SQL 세부 견적'!B7 | E8: ='Cloud SQL 세부 견적'!B9 | F8: =E8*EXCHANGE_RATE
A9: Network Egress | B9: 인터넷 외부 전송 | C9: ='Networking 세부 견적'!B2 | D9: ='Networking 세부 견적'!B3 | E9: ='Networking 세부 견적'!B4 | F9: =E9*EXCHANGE_RATE
A10: 종량제 (On-Demand) 소계 | E10: =SUM(E6:E9) | F10: =SUM(F6:F9)
A12: 장기 약정 할인 (Committed Use Discount, CUD)
A13: 약정 기간 | B13: 예상 할인율 (수정 가능) | E13: 할인 적용 월비용 (USD) | F13: 할인 적용 월비용 (KRW)
A14: 1년 약정 (1-Year CUD) | B14: 0.28 | E14: =E10*(1-B14) | F14: =F10*(1-B14)
A15: 3년 약정 (3-Year CUD) | B15: 0.46 | E15: =E10*(1-B15) | F15: =F10*(1-B15)
A17: 총 연간 예상 비용 (3년 약정 기준) | E17: =E15*12 | F17: =F15*12
A19: ※ 본 견적은 GCP 공식 가격 기준이며, 실제 청구 금액은 사용 패턴에 따라 달라질 수 있습니다.

Sheet 단가표
A1: [Compute Engine] — asia-northeast3 기준 On-Demand (USD/시간)
A2: 규모 | B2: 스펙 | C2: Linux단가 | D2: Windows추가단가
A3: 소형 | B3: e2-standard-2 | C3: 0.086 | D3: 0.092
A4: 중형 | B4: e2-standard-4 | C4: 0.172 | D4: 0.184
A5: 대형 | B5: e2-standard-8 | C5: 0.344 | D5: 0.368
A6: 초대형 | B6: e2-standard-16 | C6: 0.688 | D6: 0.736
A8: [Cloud SQL] — asia-northeast3 기준 On-Demand (USD/시간)
A9: 규모 | B9: 스펙 | C9: Base단가 | D9: MSSQL추가단가
A10: 소형 | B10: db-n1-standard-2 | C10: 0.149 | D10: 0.298
A11: 중형 | B11: db-n1-standard-4 | C11: 0.298 | D11: 0.596
A12: 대형 | B12: db-n1-standard-8 | C12: 0.596 | D12: 1.192
A14: [기타 서비스] — USD 단가
A15: 항목 | B15: 단가
A16: Storage Standard | B16: 0.023
A17: Storage Snapshot | B17: 0.026
A18: Network Egress | B18: 0.12
